<!--
 ~  Copyright (c) 2024, WSO2 LLC. (http://www.wso2.org) All Rights Reserved.
 ~
 ~  WSO2 LLC. licenses this file to you under the Apache License,
 ~  Version 2.0 (the "License"); you may not use this file except
 ~  in compliance with the License.
 ~  You may obtain a copy of the License at
 ~
 ~    http://www.apache.org/licenses/LICENSE-2.0
 ~
 ~  Unless required by applicable law or agreed to in writing,
 ~  software distributed under the License is distributed on an
 ~  "AS IS" BASIS, WITHOUT WARRANTIES OR CONDITIONS OF ANY
 ~  KIND, either express or implied.  See the License for the
 ~  specific language governing permissions and limitations
 ~  under the License.
-->

<!-- Generated on 10-Tue, 09, 2024 08:13:26+0530 -->

<template xmlns="http://ws.apache.org/ns/synapse" name="deleteCampaign">
    <!-- Path Parameter List -->
    <parameter name="campaignId" description="ID of the campaign."/>
    <sequence>
        <class name="org.wso2.carbon.facebook.ads.connector.RestURLBuilder">
            <property name="operationPath" value="/{campaign_id}"/>
            <property name="pathParameters" value="campaignId,"/>
        </class>
        <header name="Accept" value="application/json" scope="transport" action="set"/>
        <call>
            <endpoint>
                <http method="DELETE" uri-template="{uri.var.base}{+uri.var.urlPath}{+uri.var.urlQuery}"/>
            </endpoint>
        </call>
        <!-- Remove custom header information -->
        <header name="x-business-use-case-usage" scope="transport" action="remove"/>
        <header name="facebook-api-version" scope="transport" action="remove"/>
        <header name="Strict-Transport-Security" scope="transport" action="remove"/>
        <header name="x-fb-request-id" scope="transport" action="remove"/>
        <header name="x-fb-trace-id" scope="transport" action="remove"/>
        <header name="x-fb-rev" scope="transport" action="remove"/>
        <header name="X-FB-Debug" scope="transport" action="remove"/>
        <header name="x-fb-server-load" scope="transport" action="remove"/>
        <header name="X-FB-Connection-Quality" scope="transport" action="remove"/>
        <header name="Alt-Svc" scope="transport" action="remove"/>
    </sequence>
</template>
